ip,timestamp_utc,checked_at_utc
123.57.52.89,2025-09-13 05:30:15 UTC,2025-09-13 05:40:42 UTC
20.71.36.116,2025-09-13 05:30:15 UTC,2025-09-13 05:40:42 UTC
172.191.97.225,2025-09-13 05:32:52 UTC,2025-09-13 05:49:38 UTC
207.53.224.213,2025-09-13 05:32:52 UTC,2025-09-13 05:49:38 UTC
95.107.219.241,2025-09-13 05:32:52 UTC,2025-09-13 05:49:38 UTC
111.62.38.211,2025-09-13 05:32:52 UTC,2025-09-13 05:49:38 UTC
36.57.149.132,2025-09-13 05:32:52 UTC,2025-09-13 05:49:38 UTC
157.231.204.199,2025-09-13 05:31:18 UTC,2025-09-13 05:49:38 UTC
20.236.101.58,2025-09-13 05:32:52 UTC,2025-09-13 05:49:38 UTC
168.176.175.76,2025-09-13 05:32:52 UTC,2025-09-13 05:49:38 UTC
20.163.128.242,2025-09-13 05:32:52 UTC,2025-09-13 05:49:38 UTC
187.252.219.227,2025-09-13 05:32:52 UTC,2025-09-13 05:49:38 UTC
117.174.175.52,2025-09-13 05:32:52 UTC,2025-09-13 05:49:38 UTC
112.85.161.212,2025-09-13 05:32:52 UTC,2025-09-13 05:49:38 UTC
207.210.60.32,2025-09-13 05:32:52 UTC,2025-09-13 05:49:38 UTC
156.250.105.113,2025-09-13 05:32:52 UTC,2025-09-13 05:49:38 UTC
115.14.133.162,2025-09-13 05:32:52 UTC,2025-09-13 05:49:38 UTC
85.193.181.109,2025-09-13 05:32:52 UTC,2025-09-13 05:49:38 UTC
193.201.52.57,2025-09-13 05:32:52 UTC,2025-09-13 05:49:38 UTC
180.251.6.212,2025-09-13 05:32:52 UTC,2025-09-13 05:49:38 UTC
182.224.194.68,2025-09-13 05:32:52 UTC,2025-09-13 05:49:38 UTC
39.71.232.63,2025-09-13 05:32:52 UTC,2025-09-13 05:49:39 UTC
210.116.7.205,2025-09-13 05:32:52 UTC,2025-09-13 05:49:39 UTC
50.60.188.67,2025-09-13 05:32:52 UTC,2025-09-13 05:49:39 UTC
180.141.215.16,2025-09-13 05:32:52 UTC,2025-09-13 05:49:39 UTC
135.220.24.90,2025-09-13 05:32:52 UTC,2025-09-13 05:49:39 UTC
110.48.154.41,2025-09-13 05:32:52 UTC,2025-09-13 05:49:39 UTC
104.220.188.194,2025-09-13 05:32:52 UTC,2025-09-13 05:49:43 UTC
110.14.49.93,2025-09-13 05:32:52 UTC,2025-09-13 05:49:44 UTC
178.71.94.144,2025-09-13 05:32:52 UTC,2025-09-13 05:49:45 UTC
147.45.134.50,2025-09-13 05:32:52 UTC,2025-09-13 05:49:48 UTC
20.246.107.113,2025-09-13 05:32:52 UTC,2025-09-13 05:49:49 UTC
99.213.86.50,2025-09-13 05:32:52 UTC,2025-09-13 05:49:54 UTC
122.10.24.250,2025-09-13 05:32:52 UTC,2025-09-13 05:49:54 UTC
109.69.134.188,2025-09-13 05:32:52 UTC,2025-09-13 05:49:54 UTC
59.14.67.172,2025-09-13 05:32:52 UTC,2025-09-13 05:49:54 UTC
178.188.22.124,2025-09-13 05:32:52 UTC,2025-09-13 05:49:54 UTC
185.218.24.38,2025-09-13 05:32:52 UTC,2025-09-13 05:49:54 UTC
111.206.136.35,2025-09-13 05:32:52 UTC,2025-09-13 05:49:54 UTC
175.125.136.52,2025-09-13 05:32:52 UTC,2025-09-13 05:49:54 UTC
20.248.153.120,2025-09-13 05:32:52 UTC,2025-09-13 05:49:55 UTC
115.8.91.66,2025-09-13 05:32:52 UTC,2025-09-13 05:49:55 UTC
45.39.74.10,2025-09-13 05:32:52 UTC,2025-09-13 05:49:55 UTC
170.202.182.30,2025-09-13 05:32:52 UTC,2025-09-13 05:49:55 UTC
218.56.208.226,2025-09-13 05:32:52 UTC,2025-09-13 05:49:55 UTC
95.236.252.8,2025-09-13 05:32:52 UTC,2025-09-13 05:49:55 UTC
52.242.98.90,2025-09-13 05:32:52 UTC,2025-09-13 05:49:55 UTC
217.69.67.144,2025-09-13 05:32:52 UTC,2025-09-13 05:49:55 UTC
210.113.90.192,2025-09-13 05:32:52 UTC,2025-09-13 05:49:55 UTC
154.45.58.6,2025-09-13 05:32:52 UTC,2025-09-13 05:49:55 UTC
195.98.88.10,2025-09-13 05:32:52 UTC,2025-09-13 05:49:55 UTC
185.60.0.68,2025-09-13 05:32:52 UTC,2025-09-13 05:49:56 UTC
20.213.165.154,2025-09-13 05:32:52 UTC,2025-09-13 05:49:59 UTC
203.119.255.227,2025-09-13 05:32:52 UTC,2025-09-13 05:49:59 UTC
160.119.157.193,2025-09-13 05:32:52 UTC,2025-09-13 05:50:00 UTC
127.203.76.228,2025-09-13 05:32:52 UTC,2025-09-13 05:50:00 UTC
123.124.3.66,2025-09-13 05:32:52 UTC,2025-09-13 05:50:01 UTC
120.3.83.174,2025-09-13 05:32:52 UTC,2025-09-13 05:50:01 UTC
185.142.234.30,2025-09-13 05:32:52 UTC,2025-09-13 05:50:04 UTC
140.221.88.4,2025-09-13 05:32:52 UTC,2025-09-13 05:50:04 UTC
134.101.45.22,2025-09-13 05:32:52 UTC,2025-09-13 05:50:05 UTC
112.80.212.4,2025-09-13 05:32:52 UTC,2025-09-13 05:50:10 UTC
186.227.214.178,2025-09-13 05:32:52 UTC,2025-09-13 05:50:10 UTC
111.22.250.73,2025-09-13 05:32:52 UTC,2025-09-13 05:50:10 UTC
175.239.159.170,2025-09-13 05:32:52 UTC,2025-09-13 05:50:10 UTC
127.47.56.67,2025-09-13 05:32:52 UTC,2025-09-13 05:50:10 UTC
94.10.87.206,2025-09-13 05:32:52 UTC,2025-09-13 05:50:10 UTC
211.205.158.51,2025-09-13 05:32:52 UTC,2025-09-13 05:50:10 UTC
14.64.60.233,2025-09-13 05:32:52 UTC,2025-09-13 05:50:10 UTC
220.82.140.130,2025-09-13 05:32:52 UTC,2025-09-13 05:50:10 UTC
47.52.122.119,2025-09-13 05:32:52 UTC,2025-09-13 05:50:11 UTC
119.203.158.12,2025-09-13 05:32:52 UTC,2025-09-13 05:50:11 UTC
175.240.18.163,2025-09-13 05:32:52 UTC,2025-09-13 05:50:11 UTC
193.187.106.112,2025-09-13 05:32:52 UTC,2025-09-13 05:50:11 UTC
39.69.129.75,2025-09-13 05:32:52 UTC,2025-09-13 05:50:11 UTC
223.239.7.97,2025-09-13 05:32:52 UTC,2025-09-13 05:50:11 UTC
104.221.243.254,2025-09-13 05:32:52 UTC,2025-09-13 05:50:12 UTC
159.223.82.199,2025-09-13 05:32:52 UTC,2025-09-13 05:50:15 UTC
45.120.57.19,2025-09-13 05:32:52 UTC,2025-09-13 05:50:15 UTC
176.194.116.158,2025-09-13 05:32:52 UTC,2025-09-13 05:50:15 UTC
123.131.34.55,2025-09-13 05:32:52 UTC,2025-09-13 05:50:15 UTC
151.124.134.1,2025-09-13 05:32:52 UTC,2025-09-13 05:50:15 UTC
170.134.231.209,2025-09-13 05:32:52 UTC,2025-09-13 05:50:16 UTC
193.191.212.105,2025-09-13 05:32:52 UTC,2025-09-13 05:50:16 UTC
49.57.29.162,2025-09-13 05:32:52 UTC,2025-09-13 05:50:16 UTC
127.5.169.58,2025-09-13 05:32:52 UTC,2025-09-13 05:50:17 UTC
154.64.154.74,2025-09-13 05:59:36 UTC,2025-09-13 06:02:22 UTC
211.106.152.49,2025-09-13 05:59:36 UTC,2025-09-13 06:02:22 UTC
45.196.29.65,2025-09-13 05:59:36 UTC,2025-09-13 06:02:22 UTC
156.237.197.93,2025-09-13 05:59:36 UTC,2025-09-13 06:02:22 UTC
47.254.170.137,2025-09-13 05:59:36 UTC,2025-09-13 06:02:22 UTC
116.122.0.98,2025-09-13 05:59:36 UTC,2025-09-13 06:02:22 UTC
118.223.32.12,2025-09-13 05:59:36 UTC,2025-09-13 06:02:22 UTC
129.226.130.38,2025-09-13 05:59:36 UTC,2025-09-13 06:02:22 UTC
58.234.94.140,2025-09-13 05:59:36 UTC,2025-09-13 06:02:22 UTC
43.174.223.19,2025-09-13 05:59:36 UTC,2025-09-13 06:02:22 UTC
193.84.4.127,2025-09-13 05:59:36 UTC,2025-09-13 06:02:22 UTC
121.125.129.62,2025-09-13 05:59:36 UTC,2025-09-13 06:02:22 UTC
117.147.176.5,2025-09-13 05:59:36 UTC,2025-09-13 06:02:22 UTC
127.69.37.135,2025-09-13 05:59:36 UTC,2025-09-13 06:02:22 UTC
144.24.101.190,2025-09-13 05:59:36 UTC,2025-09-13 06:02:22 UTC
106.222.108.159,2025-09-13 05:59:36 UTC,2025-09-13 06:02:22 UTC
39.26.122.128,2025-09-13 05:59:36 UTC,2025-09-13 06:02:22 UTC
1.97.83.189,2025-09-13 05:59:36 UTC,2025-09-13 06:02:22 UTC
221.143.255.50,2025-09-13 05:59:36 UTC,2025-09-13 06:02:22 UTC
79.140.246.139,2025-09-13 05:59:36 UTC,2025-09-13 06:02:22 UTC
213.90.82.190,2025-09-13 05:59:36 UTC,2025-09-13 06:02:22 UTC
20.204.248.180,2025-09-13 05:59:36 UTC,2025-09-13 06:02:22 UTC
176.119.156.253,2025-09-13 05:59:36 UTC,2025-09-13 06:02:22 UTC
94.8.203.59,2025-09-13 05:59:36 UTC,2025-09-13 06:02:23 UTC
193.124.202.98,2025-09-13 05:59:36 UTC,2025-09-13 06:02:23 UTC
4.189.226.23,2025-09-13 05:59:36 UTC,2025-09-13 06:02:23 UTC
156.0.209.134,2025-09-13 05:59:36 UTC,2025-09-13 06:02:25 UTC
103.231.72.1,2025-09-13 05:59:36 UTC,2025-09-13 06:02:27 UTC
73.186.163.248,2025-09-13 05:59:36 UTC,2025-09-13 06:02:32 UTC
125.137.235.230,2025-09-13 05:59:36 UTC,2025-09-13 06:02:32 UTC
127.45.122.189,2025-09-13 05:59:36 UTC,2025-09-13 06:02:39 UTC
182.214.225.247,2025-09-13 05:59:36 UTC,2025-09-13 06:02:39 UTC
124.111.224.10,2025-09-13 05:59:36 UTC,2025-09-13 06:02:39 UTC
127.54.96.121,2025-09-13 05:59:36 UTC,2025-09-13 06:02:39 UTC
127.237.101.38,2025-09-13 05:59:36 UTC,2025-09-13 06:02:39 UTC
118.34.10.237,2025-09-13 05:59:36 UTC,2025-09-13 06:02:39 UTC
14.7.14.69,2025-09-13 05:59:36 UTC,2025-09-13 06:02:39 UTC
121.172.149.70,2025-09-13 05:59:36 UTC,2025-09-13 06:02:39 UTC
160.176.43.44,2025-09-13 05:59:36 UTC,2025-09-13 06:02:39 UTC
14.95.166.33,2025-09-13 05:59:36 UTC,2025-09-13 06:02:39 UTC
139.192.170.127,2025-09-13 05:59:36 UTC,2025-09-13 06:02:39 UTC
195.133.145.27,2025-09-13 05:59:36 UTC,2025-09-13 06:02:39 UTC
183.122.91.36,2025-09-13 05:59:36 UTC,2025-09-13 06:02:39 UTC
49.234.27.138,2025-09-13 05:59:36 UTC,2025-09-13 06:02:39 UTC
112.143.11.171,2025-09-13 05:59:36 UTC,2025-09-13 06:02:39 UTC
4.241.111.57,2025-09-13 05:59:36 UTC,2025-09-13 06:02:39 UTC
180.69.120.214,2025-09-13 05:59:36 UTC,2025-09-13 06:02:39 UTC
39.26.141.118,2025-09-13 05:59:36 UTC,2025-09-13 06:02:40 UTC
127.29.219.25,2025-09-13 05:59:36 UTC,2025-09-13 06:02:40 UTC
127.84.172.244,2025-09-13 05:59:36 UTC,2025-09-13 06:02:40 UTC
103.86.93.252,2025-09-13 05:59:36 UTC,2025-09-13 06:02:40 UTC
111.53.49.189,2025-09-13 05:59:36 UTC,2025-09-13 06:02:41 UTC
202.185.92.255,2025-09-13 05:59:36 UTC,2025-09-13 06:02:42 UTC
176.196.162.23,2025-09-13 05:59:36 UTC,2025-09-13 06:02:43 UTC
207.113.252.67,2025-09-13 05:59:36 UTC,2025-09-13 06:02:44 UTC
127.30.60.39,2025-09-13 05:59:36 UTC,2025-09-13 06:02:44 UTC
142.87.126.60,2025-09-13 05:59:36 UTC,2025-09-13 06:02:45 UTC
39.67.239.0,2025-09-13 05:59:36 UTC,2025-09-13 06:02:46 UTC
27.199.254.228,2025-09-13 05:59:36 UTC,2025-09-13 06:02:49 UTC
60.210.128.49,2025-09-13 05:59:36 UTC,2025-09-13 06:02:50 UTC
156.225.138.84,2025-09-13 05:59:36 UTC,2025-09-13 06:02:55 UTC
180.171.170.199,2025-09-13 05:59:36 UTC,2025-09-13 06:02:55 UTC
39.85.17.167,2025-09-13 05:59:36 UTC,2025-09-13 06:02:55 UTC
149.3.73.166,2025-09-13 05:59:36 UTC,2025-09-13 06:02:55 UTC
112.232.232.200,2025-09-13 05:59:36 UTC,2025-09-13 06:02:55 UTC
123.101.65.51,2025-09-13 05:59:36 UTC,2025-09-13 06:02:55 UTC
112.150.108.43,2025-09-13 05:59:36 UTC,2025-09-13 06:02:55 UTC
127.163.132.129,2025-09-13 05:59:36 UTC,2025-09-13 06:02:56 UTC
100.98.74.87,2025-09-13 05:59:36 UTC,2025-09-13 06:02:56 UTC
127.58.230.0,2025-09-13 05:59:36 UTC,2025-09-13 06:02:56 UTC
127.242.231.64,2025-09-13 05:59:36 UTC,2025-09-13 06:02:56 UTC
27.124.57.53,2025-09-13 05:59:36 UTC,2025-09-13 06:02:56 UTC
121.187.144.39,2025-09-13 05:59:36 UTC,2025-09-13 06:02:56 UTC
20.253.0.166,2025-09-13 05:59:36 UTC,2025-09-13 06:02:56 UTC
113.234.58.128,2025-09-13 05:59:36 UTC,2025-09-13 06:02:57 UTC
68.33.238.27,2025-09-13 05:59:36 UTC,2025-09-13 06:02:58 UTC
162.251.252.172,2025-09-13 05:59:36 UTC,2025-09-13 06:02:58 UTC
8.218.150.216,2025-09-13 05:59:36 UTC,2025-09-13 06:03:00 UTC
154.248.7.1,2025-09-13 05:59:36 UTC,2025-09-13 06:03:00 UTC
61.108.249.115,2025-09-13 05:59:36 UTC,2025-09-13 06:03:01 UTC
130.248.56.232,2025-09-13 05:59:36 UTC,2025-09-13 06:03:02 UTC
61.253.187.57,2025-09-13 05:59:36 UTC,2025-09-13 06:03:02 UTC
100.110.249.28,2025-09-13 05:59:36 UTC,2025-09-13 06:03:02 UTC
43.229.154.193,2025-09-13 05:59:36 UTC,2025-09-13 06:03:03 UTC
59.1.42.204,2025-09-13 05:59:36 UTC,2025-09-13 06:03:05 UTC
27.114.174.47,2025-09-13 05:59:36 UTC,2025-09-13 06:03:06 UTC
127.129.147.76,2025-09-13 05:59:36 UTC,2025-09-13 06:03:07 UTC
37.23.133.66,2025-09-13 05:59:36 UTC,2025-09-13 06:03:10 UTC
175.147.178.157,2025-09-13 05:59:36 UTC,2025-09-13 06:03:12 UTC
38.78.242.169,2025-09-13 05:59:36 UTC,2025-09-13 06:03:12 UTC
58.58.122.14,2025-09-13 05:59:36 UTC,2025-09-13 06:03:12 UTC
24.63.73.52,2025-09-13 05:59:36 UTC,2025-09-13 06:03:12 UTC
115.136.24.44,2025-09-13 05:59:36 UTC,2025-09-13 06:03:12 UTC
211.187.216.191,2025-09-13 05:59:36 UTC,2025-09-13 06:03:12 UTC
127.87.38.149,2025-09-13 05:59:36 UTC,2025-09-13 06:03:12 UTC
127.222.167.48,2025-09-13 05:59:36 UTC,2025-09-13 06:03:12 UTC
20.76.131.118,2025-09-13 05:59:36 UTC,2025-09-13 06:03:13 UTC
67.173.251.86,2025-09-13 05:59:36 UTC,2025-09-13 06:03:13 UTC
80.123.196.238,2025-09-13 06:00:18 UTC,2025-09-13 06:03:16 UTC
90.222.106.132,2025-09-13 06:00:18 UTC,2025-09-13 06:03:16 UTC
207.72.185.41,2025-09-13 06:00:18 UTC,2025-09-13 06:03:16 UTC
31.128.46.99,2025-09-13 06:00:18 UTC,2025-09-13 06:03:17 UTC
85.95.205.14,2025-09-13 06:00:18 UTC,2025-09-13 06:03:17 UTC
153.112.191.167,2025-09-13 06:00:18 UTC,2025-09-13 06:03:17 UTC
220.87.203.225,2025-09-13 06:00:18 UTC,2025-09-13 06:03:17 UTC
124.92.147.234,2025-09-13 06:00:18 UTC,2025-09-13 06:03:17 UTC
120.84.193.117,2025-09-13 06:00:18 UTC,2025-09-13 06:03:18 UTC
162.242.94.121,2025-09-13 06:00:18 UTC,2025-09-13 06:03:18 UTC
175.205.172.61,2025-09-13 06:00:18 UTC,2025-09-13 06:03:19 UTC
185.247.131.227,2025-09-13 06:00:18 UTC,2025-09-13 06:03:19 UTC
110.231.108.121,2025-09-13 06:00:18 UTC,2025-09-13 06:03:19 UTC
115.90.128.58,2025-09-13 06:00:18 UTC,2025-09-13 06:03:19 UTC
123.120.110.171,2025-09-13 06:00:18 UTC,2025-09-13 06:03:23 UTC
210.101.86.3,2025-09-13 06:00:18 UTC,2025-09-13 06:03:24 UTC
139.13.39.65,2025-09-13 06:00:18 UTC,2025-09-13 06:03:24 UTC
156.234.163.83,2025-09-13 06:00:18 UTC,2025-09-13 06:03:26 UTC
51.210.39.165,2025-09-13 06:00:18 UTC,2025-09-13 06:03:27 UTC
8.49.168.66,2025-09-13 06:00:18 UTC,2025-09-13 06:03:29 UTC
45.190.164.250,2025-09-13 06:00:18 UTC,2025-09-13 06:03:29 UTC
150.40.205.123,2025-09-13 06:00:18 UTC,2025-09-13 06:03:29 UTC
45.78.208.176,2025-09-13 06:00:18 UTC,2025-09-13 06:03:29 UTC
104.220.24.3,2025-09-13 06:00:18 UTC,2025-09-13 06:03:29 UTC
58.228.23.5,2025-09-13 06:00:18 UTC,2025-09-13 06:03:30 UTC
188.191.161.66,2025-09-13 06:00:18 UTC,2025-09-13 06:03:30 UTC
175.197.15.149,2025-09-13 06:00:18 UTC,2025-09-13 06:03:32 UTC
20.31.198.235,2025-09-13 06:00:18 UTC,2025-09-13 06:03:33 UTC
180.224.49.129,2025-09-13 06:00:18 UTC,2025-09-13 06:03:33 UTC
39.74.37.147,2025-09-13 06:00:18 UTC,2025-09-13 06:03:33 UTC
82.22.71.157,2025-09-13 06:00:18 UTC,2025-09-13 06:03:34 UTC
127.237.175.144,2025-09-13 06:00:18 UTC,2025-09-13 06:03:34 UTC
220.122.115.211,2025-09-13 06:00:18 UTC,2025-09-13 06:03:34 UTC
101.67.79.79,2025-09-13 06:00:18 UTC,2025-09-13 06:03:34 UTC
154.208.240.83,2025-09-13 06:00:18 UTC,2025-09-13 06:03:35 UTC
183.117.86.179,2025-09-13 06:00:18 UTC,2025-09-13 06:03:35 UTC
38.108.202.103,2025-09-13 06:00:18 UTC,2025-09-13 06:03:35 UTC
127.67.111.19,2025-09-13 06:00:18 UTC,2025-09-13 06:03:36 UTC
127.65.6.84,2025-09-13 06:00:18 UTC,2025-09-13 06:03:36 UTC
211.200.189.37,2025-09-13 06:00:18 UTC,2025-09-13 06:03:36 UTC
73.5.191.120,2025-09-13 06:00:18 UTC,2025-09-13 06:03:36 UTC
79.140.84.238,2025-09-13 06:00:18 UTC,2025-09-13 06:03:37 UTC
101.65.127.136,2025-09-13 06:00:18 UTC,2025-09-13 06:03:39 UTC
47.88.65.42,2025-09-13 06:00:18 UTC,2025-09-13 06:03:40 UTC
127.32.30.207,2025-09-13 06:00:18 UTC,2025-09-13 06:03:40 UTC
87.200.82.16,2025-09-13 06:00:18 UTC,2025-09-13 06:03:40 UTC
119.199.129.129,2025-09-13 06:00:18 UTC,2025-09-13 06:03:41 UTC
194.230.143.121,2025-09-13 06:00:18 UTC,2025-09-13 06:03:43 UTC
112.196.216.126,2025-09-13 06:00:18 UTC,2025-09-13 06:03:46 UTC
127.36.185.68,2025-09-13 06:00:18 UTC,2025-09-13 06:03:47 UTC
127.46.130.251,2025-09-13 06:00:18 UTC,2025-09-13 06:03:47 UTC
163.5.211.228,2025-09-13 06:00:18 UTC,2025-09-13 06:03:49 UTC
38.175.116.6,2025-09-13 06:00:18 UTC,2025-09-13 06:03:50 UTC
39.114.53.113,2025-09-13 06:00:18 UTC,2025-09-13 06:03:50 UTC
87.121.67.217,2025-09-13 06:00:18 UTC,2025-09-13 06:03:50 UTC
118.35.123.229,2025-09-13 06:00:18 UTC,2025-09-13 06:03:50 UTC
154.221.51.183,2025-09-13 06:00:18 UTC,2025-09-13 06:03:50 UTC
52.140.130.237,2025-09-13 06:00:18 UTC,2025-09-13 06:03:51 UTC
58.238.96.204,2025-09-13 06:00:18 UTC,2025-09-13 06:03:51 UTC
116.124.75.167,2025-09-13 06:00:18 UTC,2025-09-13 06:03:51 UTC
82.27.8.132,2025-09-13 06:00:18 UTC,2025-09-13 06:03:52 UTC
59.10.156.110,2025-09-13 06:00:18 UTC,2025-09-13 06:03:52 UTC
169.148.14.177,2025-09-13 06:00:18 UTC,2025-09-13 06:03:53 UTC
92.51.94.53,2025-09-13 06:00:18 UTC,2025-09-13 06:03:53 UTC
112.157.176.74,2025-09-13 06:00:18 UTC,2025-09-13 06:03:53 UTC
222.117.163.222,2025-09-13 06:00:18 UTC,2025-09-13 06:03:53 UTC
61.167.187.208,2025-09-13 06:00:18 UTC,2025-09-13 06:03:54 UTC
183.51.72.204,2025-09-13 06:00:18 UTC,2025-09-13 06:03:57 UTC
43.155.154.49,2025-09-13 06:00:18 UTC,2025-09-13 06:03:57 UTC
43.138.203.182,2025-09-13 06:00:18 UTC,2025-09-13 06:03:58 UTC
120.237.205.42,2025-09-13 06:00:18 UTC,2025-09-13 06:03:58 UTC
27.14.7.52,2025-09-13 06:00:18 UTC,2025-09-13 06:04:00 UTC
124.161.148.38,2025-09-13 06:00:18 UTC,2025-09-13 06:04:01 UTC
194.126.11.250,2025-09-13 06:00:18 UTC,2025-09-13 06:04:02 UTC
127.249.110.155,2025-09-13 06:00:18 UTC,2025-09-13 06:04:03 UTC
139.59.67.169,2025-09-13 06:00:18 UTC,2025-09-13 06:04:03 UTC
119.95.137.236,2025-09-13 06:00:18 UTC,2025-09-13 06:04:04 UTC
114.254.121.214,2025-09-13 06:00:18 UTC,2025-09-13 06:04:06 UTC
217.60.137.242,2025-09-13 06:00:18 UTC,2025-09-13 06:04:07 UTC
209.120.21.152,2025-09-13 06:00:18 UTC,2025-09-13 06:04:07 UTC
8.25.37.168,2025-09-13 06:00:18 UTC,2025-09-13 06:04:07 UTC
97.73.246.31,2025-09-13 06:00:18 UTC,2025-09-13 06:04:07 UTC
177.236.219.42,2025-09-13 06:00:18 UTC,2025-09-13 06:04:07 UTC
127.108.29.4,2025-09-13 06:00:18 UTC,2025-09-13 06:04:07 UTC
212.222.140.38,2025-09-13 06:00:18 UTC,2025-09-13 06:04:08 UTC
127.115.87.11,2025-09-13 06:00:18 UTC,2025-09-13 06:04:08 UTC
119.177.39.18,2025-09-13 06:00:18 UTC,2025-09-13 06:04:08 UTC
111.12.147.146,2025-09-13 06:00:18 UTC,2025-09-13 06:04:08 UTC
37.21.240.179,2025-09-13 06:00:18 UTC,2025-09-13 06:04:08 UTC
47.236.156.125,2025-09-13 06:00:18 UTC,2025-09-13 06:04:09 UTC
129.211.23.249,2025-09-13 06:00:18 UTC,2025-09-13 06:04:09 UTC
185.251.164.57,2025-09-13 06:38:45 UTC,2025-09-13 06:40:29 UTC
104.24.201.19,2025-09-13 06:38:45 UTC,2025-09-13 06:40:29 UTC
127.45.177.109,2025-09-13 06:38:45 UTC,2025-09-13 06:40:29 UTC
38.86.199.51,2025-09-13 06:38:45 UTC,2025-09-13 06:40:29 UTC
127.170.28.246,2025-09-13 06:38:45 UTC,2025-09-13 06:40:29 UTC
90.200.192.85,2025-09-13 06:38:45 UTC,2025-09-13 06:40:29 UTC
217.195.153.149,2025-09-13 06:38:45 UTC,2025-09-13 06:40:29 UTC
44.5.35.249,2025-09-13 06:38:45 UTC,2025-09-13 06:40:29 UTC
175.213.64.160,2025-09-13 06:38:45 UTC,2025-09-13 06:40:29 UTC
40.70.1.31,2025-09-13 06:38:45 UTC,2025-09-13 06:40:29 UTC
143.198.51.39,2025-09-13 06:38:45 UTC,2025-09-13 06:40:29 UTC
113.2.184.109,2025-09-13 06:38:45 UTC,2025-09-13 06:40:30 UTC
113.226.201.70,2025-09-13 06:38:45 UTC,2025-09-13 06:40:30 UTC
27.216.139.90,2025-09-13 06:38:45 UTC,2025-09-13 06:40:30 UTC
125.189.123.131,2025-09-13 06:38:45 UTC,2025-09-13 06:40:30 UTC
127.165.83.205,2025-09-13 06:38:45 UTC,2025-09-13 06:40:30 UTC
60.205.131.52,2025-09-13 06:38:45 UTC,2025-09-13 06:40:30 UTC
38.65.169.5,2025-09-13 06:38:45 UTC,2025-09-13 06:40:30 UTC
175.246.249.21,2025-09-13 06:38:45 UTC,2025-09-13 06:40:30 UTC
185.159.40.190,2025-09-13 06:38:45 UTC,2025-09-13 06:40:30 UTC
51.211.93.203,2025-09-13 06:38:45 UTC,2025-09-13 06:40:30 UTC
222.245.32.220,2025-09-13 06:38:45 UTC,2025-09-13 06:40:30 UTC
169.213.6.135,2025-09-13 06:38:45 UTC,2025-09-13 06:40:31 UTC
202.47.105.30,2025-09-13 06:38:45 UTC,2025-09-13 06:40:31 UTC
127.185.213.156,2025-09-13 06:38:45 UTC,2025-09-13 06:40:34 UTC
14.79.160.40,2025-09-13 06:38:45 UTC,2025-09-13 06:40:34 UTC
4.249.176.230,2025-09-13 06:38:45 UTC,2025-09-13 06:40:34 UTC
37.210.241.97,2025-09-13 06:38:45 UTC,2025-09-13 06:40:35 UTC
31.41.21.3,2025-09-13 06:38:45 UTC,2025-09-13 06:40:37 UTC
103.15.60.21,2025-09-13 06:38:45 UTC,2025-09-13 06:40:46 UTC
201.166.79.159,2025-09-13 06:38:45 UTC,2025-09-13 06:40:46 UTC
95.188.74.218,2025-09-13 06:38:45 UTC,2025-09-13 06:40:46 UTC
14.41.64.178,2025-09-13 06:38:45 UTC,2025-09-13 06:40:46 UTC
112.181.18.168,2025-09-13 06:38:45 UTC,2025-09-13 06:40:46 UTC
74.80.154.195,2025-09-13 06:38:45 UTC,2025-09-13 06:40:46 UTC
127.161.219.204,2025-09-13 06:38:45 UTC,2025-09-13 06:40:46 UTC
103.60.64.223,2025-09-13 06:38:45 UTC,2025-09-13 06:40:46 UTC
83.242.253.145,2025-09-13 06:38:45 UTC,2025-09-13 06:40:46 UTC
127.100.217.105,2025-09-13 06:38:45 UTC,2025-09-13 06:40:46 UTC
187.55.119.43,2025-09-13 06:38:45 UTC,2025-09-13 06:40:46 UTC
104.24.53.43,2025-09-13 06:38:45 UTC,2025-09-13 06:40:47 UTC
127.158.181.1,2025-09-13 06:38:45 UTC,2025-09-13 06:40:47 UTC
14.51.132.35,2025-09-13 06:38:45 UTC,2025-09-13 06:40:47 UTC
45.133.93.164,2025-09-13 06:38:45 UTC,2025-09-13 06:40:47 UTC
127.70.224.23,2025-09-13 06:38:45 UTC,2025-09-13 06:40:48 UTC
102.67.51.244,2025-09-13 06:38:45 UTC,2025-09-13 06:40:48 UTC
38.85.203.37,2025-09-13 06:38:45 UTC,2025-09-13 06:40:49 UTC
137.250.148.36,2025-09-13 06:38:45 UTC,2025-09-13 06:40:50 UTC
111.197.55.37,2025-09-13 06:38:45 UTC,2025-09-13 06:40:51 UTC
142.87.52.27,2025-09-13 06:38:45 UTC,2025-09-13 06:40:51 UTC
47.107.109.19,2025-09-13 06:38:45 UTC,2025-09-13 06:40:51 UTC
213.4.50.222,2025-09-13 06:38:45 UTC,2025-09-13 06:40:52 UTC
175.241.89.42,2025-09-13 06:38:45 UTC,2025-09-13 06:40:52 UTC
81.177.113.230,2025-09-13 06:38:45 UTC,2025-09-13 06:40:52 UTC
122.190.145.114,2025-09-13 06:38:45 UTC,2025-09-13 06:40:52 UTC
206.62.224.105,2025-09-13 06:38:45 UTC,2025-09-13 06:40:54 UTC
117.203.6.171,2025-09-13 06:38:45 UTC,2025-09-13 06:40:55 UTC
172.211.85.83,2025-09-13 06:38:45 UTC,2025-09-13 06:40:57 UTC
180.70.66.96,2025-09-13 06:38:45 UTC,2025-09-13 06:40:58 UTC
178.81.12.84,2025-09-13 06:38:45 UTC,2025-09-13 06:41:02 UTC
156.235.163.229,2025-09-13 06:38:45 UTC,2025-09-13 06:41:02 UTC
114.94.102.60,2025-09-13 06:38:45 UTC,2025-09-13 06:41:02 UTC
4.156.50.208,2025-09-13 06:38:45 UTC,2025-09-13 06:41:02 UTC
39.189.1.47,2025-09-13 06:38:45 UTC,2025-09-13 06:41:02 UTC
2.125.84.8,2025-09-13 06:38:45 UTC,2025-09-13 06:41:03 UTC
85.254.11.50,2025-09-13 06:38:45 UTC,2025-09-13 06:41:03 UTC
52.187.52.197,2025-09-13 06:38:45 UTC,2025-09-13 06:41:03 UTC
119.218.237.105,2025-09-13 06:38:45 UTC,2025-09-13 06:41:03 UTC
121.66.178.52,2025-09-13 06:38:45 UTC,2025-09-13 06:41:03 UTC
223.116.125.191,2025-09-13 06:38:45 UTC,2025-09-13 06:41:03 UTC
222.99.229.183,2025-09-13 06:38:45 UTC,2025-09-13 06:41:04 UTC
127.164.28.82,2025-09-13 06:38:45 UTC,2025-09-13 06:41:04 UTC
129.146.107.90,2025-09-13 06:38:45 UTC,2025-09-13 06:41:04 UTC
142.4.117.67,2025-09-13 06:38:45 UTC,2025-09-13 06:41:07 UTC
102.154.45.226,2025-09-13 06:38:45 UTC,2025-09-13 06:41:08 UTC
116.53.130.88,2025-09-13 06:38:45 UTC,2025-09-13 06:41:08 UTC
122.45.171.102,2025-09-13 06:38:45 UTC,2025-09-13 06:41:08 UTC
220.74.83.25,2025-09-13 06:38:45 UTC,2025-09-13 06:41:08 UTC
122.36.51.93,2025-09-13 06:38:45 UTC,2025-09-13 06:41:09 UTC
59.10.242.150,2025-09-13 06:38:45 UTC,2025-09-13 06:41:09 UTC
5.154.170.27,2025-09-13 06:38:45 UTC,2025-09-13 06:41:09 UTC
35.128.31.242,2025-09-13 06:38:45 UTC,2025-09-13 06:41:09 UTC
170.130.199.200,2025-09-13 06:38:45 UTC,2025-09-13 06:41:10 UTC
127.197.12.87,2025-09-13 06:38:45 UTC,2025-09-13 06:41:13 UTC
119.118.36.199,2025-09-13 06:38:45 UTC,2025-09-13 06:41:14 UTC
122.40.79.165,2025-09-13 06:38:45 UTC,2025-09-13 06:41:15 UTC
125.155.155.114,2025-09-13 06:38:45 UTC,2025-09-13 06:41:16 UTC
109.138.195.195,2025-09-13 06:38:45 UTC,2025-09-13 06:41:16 UTC
47.239.205.194,2025-09-13 06:38:45 UTC,2025-09-13 06:41:17 UTC
183.61.241.35,2025-09-13 06:38:45 UTC,2025-09-13 06:41:19 UTC
181.118.249.248,2025-09-13 06:38:45 UTC,2025-09-13 06:41:19 UTC
95.191.89.199,2025-09-13 06:38:45 UTC,2025-09-13 06:41:19 UTC
206.59.255.48,2025-09-13 06:38:45 UTC,2025-09-13 06:41:20 UTC
90.204.193.130,2025-09-13 06:38:45 UTC,2025-09-13 06:41:20 UTC
212.41.29.222,2025-09-13 06:38:45 UTC,2025-09-13 06:41:20 UTC
38.56.38.236,2025-09-13 06:38:45 UTC,2025-09-13 06:41:21 UTC
24.127.40.254,2025-09-13 06:38:45 UTC,2025-09-13 06:41:21 UTC
78.84.70.4,2025-09-13 06:38:45 UTC,2025-09-13 06:41:21 UTC
116.129.79.83,2025-09-13 06:38:45 UTC,2025-09-13 06:41:21 UTC
125.251.62.116,2025-09-13 06:38:45 UTC,2025-09-13 06:41:21 UTC
36.1.226.20,2025-09-13 06:38:45 UTC,2025-09-13 06:41:23 UTC
124.52.99.181,2025-09-13 06:48:16 UTC,2025-09-13 06:52:05 UTC
156.228.100.55,2025-09-13 06:48:16 UTC,2025-09-13 06:52:05 UTC
120.77.149.194,2025-09-13 06:48:16 UTC,2025-09-13 06:52:05 UTC
9.163.110.60,2025-09-13 06:48:16 UTC,2025-09-13 06:52:05 UTC
188.124.117.100,2025-09-13 06:48:16 UTC,2025-09-13 06:52:05 UTC
87.254.203.227,2025-09-13 06:48:16 UTC,2025-09-13 06:52:05 UTC
127.12.107.242,2025-09-13 06:48:16 UTC,2025-09-13 06:52:05 UTC
116.105.103.238,2025-09-13 06:48:16 UTC,2025-09-13 06:52:05 UTC
90.194.52.92,2025-09-13 06:48:16 UTC,2025-09-13 06:52:05 UTC
41.109.245.62,2025-09-13 06:48:16 UTC,2025-09-13 06:52:05 UTC
27.219.126.211,2025-09-13 06:48:16 UTC,2025-09-13 06:52:05 UTC
182.223.82.57,2025-09-13 06:48:16 UTC,2025-09-13 06:52:05 UTC
38.177.205.53,2025-09-13 06:48:16 UTC,2025-09-13 06:52:05 UTC
119.221.132.187,2025-09-13 06:48:16 UTC,2025-09-13 06:52:06 UTC
113.8.96.36,2025-09-13 06:48:16 UTC,2025-09-13 06:52:06 UTC
183.125.103.149,2025-09-13 06:48:16 UTC,2025-09-13 06:52:06 UTC
178.67.58.5,2025-09-13 06:48:16 UTC,2025-09-13 06:52:06 UTC
61.74.144.212,2025-09-13 06:48:16 UTC,2025-09-13 06:52:06 UTC
39.89.88.18,2025-09-13 06:48:16 UTC,2025-09-13 06:52:07 UTC
200.17.96.216,2025-09-13 06:48:16 UTC,2025-09-13 06:52:07 UTC
179.54.200.234,2025-09-13 06:48:16 UTC,2025-09-13 06:52:07 UTC
27.205.90.41,2025-09-13 06:48:16 UTC,2025-09-13 06:52:07 UTC
200.7.213.42,2025-09-13 06:48:16 UTC,2025-09-13 06:52:10 UTC
119.117.74.42,2025-09-13 06:48:16 UTC,2025-09-13 06:52:10 UTC
222.199.30.40,2025-09-13 06:48:16 UTC,2025-09-13 06:52:10 UTC
127.79.135.59,2025-09-13 06:48:16 UTC,2025-09-13 06:52:10 UTC
175.195.86.84,2025-09-13 06:48:16 UTC,2025-09-13 06:52:11 UTC
118.185.222.210,2025-09-13 06:48:16 UTC,2025-09-13 06:52:12 UTC
79.172.228.53,2025-09-13 06:48:16 UTC,2025-09-13 06:52:12 UTC
196.250.117.205,2025-09-13 06:48:16 UTC,2025-09-13 06:52:19 UTC
63.214.16.161,2025-09-13 06:48:16 UTC,2025-09-13 06:52:22 UTC
168.78.81.23,2025-09-13 06:48:16 UTC,2025-09-13 06:52:22 UTC
185.174.192.252,2025-09-13 06:48:16 UTC,2025-09-13 06:52:22 UTC
63.111.135.10,2025-09-13 06:48:16 UTC,2025-09-13 06:52:22 UTC
41.60.235.217,2025-09-13 06:48:16 UTC,2025-09-13 06:52:22 UTC
127.149.204.164,2025-09-13 06:48:16 UTC,2025-09-13 06:52:22 UTC
84.116.23.180,2025-09-13 06:48:16 UTC,2025-09-13 06:52:22 UTC
183.113.123.89,2025-09-13 06:48:16 UTC,2025-09-13 06:52:22 UTC
117.233.234.139,2025-09-13 06:48:16 UTC,2025-09-13 06:52:22 UTC
119.200.12.213,2025-09-13 06:48:16 UTC,2025-09-13 06:52:22 UTC
185.21.104.188,2025-09-13 06:48:16 UTC,2025-09-13 06:52:22 UTC
189.42.47.181,2025-09-13 06:48:16 UTC,2025-09-13 06:52:22 UTC
172.80.1.185,2025-09-13 06:48:16 UTC,2025-09-13 06:52:23 UTC
119.7.167.123,2025-09-13 06:48:16 UTC,2025-09-13 06:52:23 UTC
198.30.211.118,2025-09-13 06:48:16 UTC,2025-09-13 06:52:23 UTC
104.18.255.103,2025-09-13 06:48:16 UTC,2025-09-13 06:52:23 UTC
14.95.10.26,2025-09-13 06:48:16 UTC,2025-09-13 06:52:23 UTC
36.93.143.151,2025-09-13 06:48:16 UTC,2025-09-13 06:52:23 UTC
127.128.102.3,2025-09-13 06:48:16 UTC,2025-09-13 06:52:24 UTC
149.113.195.135,2025-09-13 06:48:16 UTC,2025-09-13 06:52:26 UTC
180.233.208.4,2025-09-13 06:48:16 UTC,2025-09-13 06:52:27 UTC
222.109.228.155,2025-09-13 06:48:16 UTC,2025-09-13 06:52:27 UTC
185.141.56.254,2025-09-13 06:48:16 UTC,2025-09-13 06:52:28 UTC
114.201.21.174,2025-09-13 06:48:16 UTC,2025-09-13 06:52:28 UTC
58.144.244.105,2025-09-13 06:48:16 UTC,2025-09-13 06:52:28 UTC
125.189.228.10,2025-09-13 06:48:16 UTC,2025-09-13 06:52:29 UTC
20.232.64.91,2025-09-13 06:48:16 UTC,2025-09-13 06:52:29 UTC
60.213.230.168,2025-09-13 06:48:16 UTC,2025-09-13 06:52:29 UTC
39.27.28.88,2025-09-13 06:48:16 UTC,2025-09-13 06:52:29 UTC
39.76.158.152,2025-09-13 06:48:16 UTC,2025-09-13 06:52:38 UTC
90.154.63.162,2025-09-13 06:48:16 UTC,2025-09-13 06:52:38 UTC
52.244.86.130,2025-09-13 06:48:16 UTC,2025-09-13 06:52:38 UTC
149.106.183.86,2025-09-13 06:48:16 UTC,2025-09-13 06:52:39 UTC
60.186.30.149,2025-09-13 06:48:16 UTC,2025-09-13 06:52:39 UTC
127.153.65.149,2025-09-13 06:48:16 UTC,2025-09-13 06:52:39 UTC
67.199.92.112,2025-09-13 06:48:16 UTC,2025-09-13 06:52:40 UTC
193.33.57.78,2025-09-13 06:48:16 UTC,2025-09-13 06:52:40 UTC
218.158.80.100,2025-09-13 06:48:16 UTC,2025-09-13 06:52:40 UTC
80.123.167.195,2025-09-13 06:48:16 UTC,2025-09-13 06:52:40 UTC
68.71.77.92,2025-09-13 06:48:16 UTC,2025-09-13 06:52:40 UTC
190.143.75.95,2025-09-13 06:48:16 UTC,2025-09-13 06:52:41 UTC
36.66.220.18,2025-09-13 06:48:16 UTC,2025-09-13 06:52:41 UTC
179.73.201.82,2025-09-13 06:48:16 UTC,2025-09-13 06:52:43 UTC
45.80.157.49,2025-09-13 06:48:16 UTC,2025-09-13 06:52:44 UTC
197.220.30.64,2025-09-13 06:48:16 UTC,2025-09-13 06:52:44 UTC
127.43.210.108,2025-09-13 06:48:16 UTC,2025-09-13 06:52:45 UTC
64.57.177.133,2025-09-13 06:48:16 UTC,2025-09-13 06:52:45 UTC
127.251.236.165,2025-09-13 06:48:16 UTC,2025-09-13 06:52:45 UTC
183.252.111.10,2025-09-13 06:48:16 UTC,2025-09-13 06:52:45 UTC
218.149.33.203,2025-09-13 06:48:16 UTC,2025-09-13 06:52:46 UTC
72.249.251.69,2025-09-13 06:48:16 UTC,2025-09-13 06:52:46 UTC
196.117.222.49,2025-09-13 06:48:16 UTC,2025-09-13 06:52:46 UTC
94.11.136.111,2025-09-13 06:48:16 UTC,2025-09-13 06:52:46 UTC
217.77.103.211,2025-09-13 06:48:16 UTC,2025-09-13 06:52:47 UTC
38.22.45.249,2025-09-13 06:48:16 UTC,2025-09-13 06:52:49 UTC
114.102.15.182,2025-09-13 06:48:16 UTC,2025-09-13 06:52:50 UTC
116.2.63.93,2025-09-13 06:48:16 UTC,2025-09-13 06:52:51 UTC
90.154.29.121,2025-09-13 06:48:16 UTC,2025-09-13 06:52:51 UTC
156.38.85.109,2025-09-13 06:48:16 UTC,2025-09-13 06:52:55 UTC
61.79.44.217,2025-09-13 06:48:16 UTC,2025-09-13 06:52:55 UTC
38.106.45.27,2025-09-13 06:48:16 UTC,2025-09-13 06:52:56 UTC
195.209.57.110,2025-09-13 06:48:16 UTC,2025-09-13 06:52:56 UTC
20.238.216.46,2025-09-13 07:10:03 UTC,2025-09-13 07:10:20 UTC
118.190.7.58,2025-09-13 07:10:03 UTC,2025-09-13 07:10:20 UTC
31.58.217.223,2025-09-13 07:10:03 UTC,2025-09-13 07:10:20 UTC
37.41.108.181,2025-09-13 07:10:03 UTC,2025-09-13 07:10:20 UTC
5.50.24.231,2025-09-13 07:10:03 UTC,2025-09-13 07:10:20 UTC
127.4.106.155,2025-09-13 07:10:03 UTC,2025-09-13 07:10:20 UTC
49.174.174.102,2025-09-13 07:10:03 UTC,2025-09-13 07:10:20 UTC
94.10.77.16,2025-09-13 07:10:03 UTC,2025-09-13 07:10:20 UTC
209.191.84.97,2025-09-13 07:10:03 UTC,2025-09-13 07:10:20 UTC
211.112.225.233,2025-09-13 07:10:03 UTC,2025-09-13 07:10:20 UTC
45.115.124.237,2025-09-13 07:10:03 UTC,2025-09-13 07:10:20 UTC
198.240.73.45,2025-09-13 07:10:03 UTC,2025-09-13 07:10:20 UTC
78.77.144.119,2025-09-13 07:10:03 UTC,2025-09-13 07:10:20 UTC
115.9.157.34,2025-09-13 07:10:03 UTC,2025-09-13 07:10:20 UTC
122.246.168.70,2025-09-13 07:10:03 UTC,2025-09-13 07:10:20 UTC
150.255.48.87,2025-09-13 07:10:03 UTC,2025-09-13 07:10:20 UTC
38.175.183.177,2025-09-13 07:10:03 UTC,2025-09-13 07:10:20 UTC
127.93.30.99,2025-09-13 07:10:03 UTC,2025-09-13 07:10:20 UTC
98.198.92.216,2025-09-13 07:10:03 UTC,2025-09-13 07:10:21 UTC
63.100.131.5,2025-09-13 07:10:03 UTC,2025-09-13 07:10:21 UTC
114.253.74.56,2025-09-13 07:10:03 UTC,2025-09-13 07:10:21 UTC
36.155.26.74,2025-09-13 07:10:03 UTC,2025-09-13 07:10:21 UTC
64.226.114.220,2025-09-13 07:10:03 UTC,2025-09-13 07:10:21 UTC
125.34.219.1,2025-09-13 07:10:03 UTC,2025-09-13 07:10:22 UTC
127.110.103.60,2025-09-13 07:10:03 UTC,2025-09-13 07:10:22 UTC
47.253.212.84,2025-09-13 07:10:03 UTC,2025-09-13 07:10:25 UTC
119.18.149.137,2025-09-13 07:10:03 UTC,2025-09-13 07:10:26 UTC
121.178.10.100,2025-09-13 07:10:03 UTC,2025-09-13 07:10:26 UTC
201.139.154.165,2025-09-13 07:10:03 UTC,2025-09-13 07:10:27 UTC
27.219.220.61,2025-09-13 07:10:03 UTC,2025-09-13 07:10:27 UTC
127.241.25.249,2025-09-13 07:10:03 UTC,2025-09-13 07:10:37 UTC
73.56.28.111,2025-09-13 07:10:03 UTC,2025-09-13 07:10:37 UTC
115.10.192.141,2025-09-13 07:10:03 UTC,2025-09-13 07:10:37 UTC
62.11.241.33,2025-09-13 07:10:03 UTC,2025-09-13 07:10:37 UTC
101.19.178.186,2025-09-13 07:10:03 UTC,2025-09-13 07:10:37 UTC
118.51.111.73,2025-09-13 07:10:03 UTC,2025-09-13 07:10:37 UTC
157.143.49.114,2025-09-13 07:10:03 UTC,2025-09-13 07:10:37 UTC
36.4.184.165,2025-09-13 07:10:03 UTC,2025-09-13 07:10:37 UTC
106.195.84.141,2025-09-13 07:10:03 UTC,2025-09-13 07:10:37 UTC
165.204.77.78,2025-09-13 07:10:03 UTC,2025-09-13 07:10:37 UTC
110.247.32.175,2025-09-13 07:10:03 UTC,2025-09-13 07:10:37 UTC
130.107.24.219,2025-09-13 07:10:03 UTC,2025-09-13 07:10:37 UTC
127.140.195.71,2025-09-13 07:10:03 UTC,2025-09-13 07:10:37 UTC
52.236.50.38,2025-09-13 07:10:03 UTC,2025-09-13 07:10:37 UTC
36.136.69.46,2025-09-13 07:10:03 UTC,2025-09-13 07:10:37 UTC
95.86.173.252,2025-09-13 07:10:03 UTC,2025-09-13 07:10:38 UTC
119.210.10.40,2025-09-13 07:10:03 UTC,2025-09-13 07:10:38 UTC
223.112.130.21,2025-09-13 07:10:03 UTC,2025-09-13 07:10:39 UTC
129.226.186.145,2025-09-13 07:10:03 UTC,2025-09-13 07:10:42 UTC
127.75.80.23,2025-09-13 07:10:03 UTC,2025-09-13 07:10:42 UTC
116.108.111.102,2025-09-13 07:10:03 UTC,2025-09-13 07:10:43 UTC
95.54.252.77,2025-09-13 07:10:03 UTC,2025-09-13 07:10:43 UTC
27.219.113.18,2025-09-13 07:10:03 UTC,2025-09-13 07:10:43 UTC
101.26.86.58,2025-09-13 07:10:03 UTC,2025-09-13 07:10:44 UTC
64.24.211.73,2025-09-13 07:10:03 UTC,2025-09-13 07:10:45 UTC
31.56.121.25,2025-09-13 07:10:03 UTC,2025-09-13 07:10:47 UTC
198.41.84.226,2025-09-13 07:10:03 UTC,2025-09-13 07:10:48 UTC
156.241.239.237,2025-09-13 07:10:03 UTC,2025-09-13 07:10:53 UTC
149.218.114.63,2025-09-13 07:10:03 UTC,2025-09-13 07:10:53 UTC
124.94.113.114,2025-09-13 07:10:03 UTC,2025-09-13 07:10:53 UTC
178.185.113.69,2025-09-13 07:10:03 UTC,2025-09-13 07:10:53 UTC
45.138.73.104,2025-09-13 07:10:03 UTC,2025-09-13 07:10:53 UTC
20.84.42.117,2025-09-13 07:10:03 UTC,2025-09-13 07:10:53 UTC
122.235.130.77,2025-09-13 07:10:03 UTC,2025-09-13 07:10:53 UTC
62.122.134.254,2025-09-13 07:10:03 UTC,2025-09-13 07:10:53 UTC
14.82.205.221,2025-09-13 07:10:03 UTC,2025-09-13 07:10:54 UTC
201.113.84.255,2025-09-13 07:10:03 UTC,2025-09-13 07:10:54 UTC
120.222.226.24,2025-09-13 07:10:03 UTC,2025-09-13 07:10:54 UTC
158.44.134.117,2025-09-13 07:10:03 UTC,2025-09-13 07:10:55 UTC
127.54.177.193,2025-09-13 07:10:03 UTC,2025-09-13 07:10:55 UTC
112.248.30.226,2025-09-13 07:10:03 UTC,2025-09-13 07:10:56 UTC
8.218.164.200,2025-09-13 07:10:03 UTC,2025-09-13 07:10:56 UTC
61.99.104.11,2025-09-13 07:10:03 UTC,2025-09-13 07:10:57 UTC
