ip,timestamp_utc
60.150.224.50,2025-09-13 07:09:21 UTC
58.9.5.103,2025-09-13 07:09:21 UTC
18.161.254.142,2025-09-13 07:09:21 UTC
58.177.203.201,2025-09-13 07:09:21 UTC
125.59.189.101,2025-09-13 07:09:21 UTC
3.165.11.156,2025-09-13 07:09:21 UTC
113.160.204.110,2025-09-13 07:09:21 UTC
171.103.138.126,2025-09-13 07:09:21 UTC
59.170.241.58,2025-09-13 07:09:21 UTC
187.225.131.113,2025-09-13 07:09:21 UTC
113.173.160.2,2025-09-13 07:09:21 UTC
37.123.184.253,2025-09-13 07:09:21 UTC
121.92.31.147,2025-09-13 07:09:21 UTC
95.247.142.177,2025-09-13 07:09:21 UTC
144.76.124.103,2025-09-13 07:09:21 UTC
126.56.240.195,2025-09-13 07:09:21 UTC
14.229.179.176,2025-09-13 07:09:21 UTC
61.10.24.80,2025-09-13 07:09:21 UTC
110.174.112.78,2025-09-13 07:09:21 UTC
176.78.44.193,2025-09-13 07:09:21 UTC
61.10.18.249,2025-09-13 07:09:21 UTC
23.8.205.190,2025-09-13 07:09:21 UTC
172.251.67.6,2025-09-13 07:09:21 UTC
171.242.101.198,2025-09-13 07:09:21 UTC
14.179.246.195,2025-09-13 07:09:21 UTC
50.114.32.136,2025-09-13 07:09:21 UTC
175.41.113.209,2025-09-13 07:09:21 UTC
184.82.27.129,2025-09-13 07:09:21 UTC
115.73.240.92,2025-09-13 07:09:21 UTC
220.100.34.106,2025-09-13 07:09:21 UTC
72.48.65.212,2025-09-13 07:09:21 UTC
104.34.167.118,2025-09-13 07:09:21 UTC
49.13.206.119,2025-09-13 07:09:21 UTC
49.13.58.233,2025-09-13 07:09:21 UTC
182.155.41.119,2025-09-13 07:09:21 UTC
98.60.217.40,2025-09-13 07:09:21 UTC
157.97.20.180,2025-09-13 07:09:21 UTC
63.225.80.121,2025-09-13 07:09:21 UTC
50.53.93.138,2025-09-13 07:09:21 UTC
190.105.192.25,2025-09-13 07:09:21 UTC
220.134.118.75,2025-09-13 07:09:21 UTC
98.116.197.230,2025-09-13 07:09:21 UTC
182.69.251.80,2025-09-13 07:09:21 UTC
51.199.34.244,2025-09-13 07:09:21 UTC
139.162.61.123,2025-09-13 07:09:21 UTC
219.70.206.143,2025-09-13 07:09:21 UTC
178.196.171.182,2025-09-13 07:09:21 UTC
171.246.96.77,2025-09-13 07:09:21 UTC
145.90.95.13,2025-09-13 07:09:21 UTC
126.145.50.114,2025-09-13 07:09:21 UTC
75.2.55.37,2025-09-13 07:09:21 UTC
207.144.11.202,2025-09-13 07:09:21 UTC
2.80.102.202,2025-09-13 07:09:21 UTC
23.4.130.175,2025-09-13 07:09:21 UTC
85.167.113.149,2025-09-13 07:09:21 UTC
73.190.126.135,2025-09-13 07:09:21 UTC
68.56.141.7,2025-09-13 07:09:21 UTC
5.161.222.70,2025-09-13 07:09:21 UTC
80.7.24.158,2025-09-13 07:09:21 UTC
73.124.62.3,2025-09-13 07:09:21 UTC
87.186.20.147,2025-09-13 07:09:21 UTC
86.12.92.62,2025-09-13 07:09:21 UTC
153.169.114.70,2025-09-13 07:09:21 UTC
62.167.134.246,2025-09-13 07:09:21 UTC
71.73.102.80,2025-09-13 07:09:21 UTC
60.94.230.143,2025-09-13 07:09:21 UTC
60.122.189.136,2025-09-13 07:09:21 UTC
126.159.18.130,2025-09-13 07:09:21 UTC
109.64.23.143,2025-09-13 07:09:21 UTC
187.121.184.81,2025-09-13 07:09:21 UTC
122.29.143.75,2025-09-13 07:09:21 UTC
185.81.57.65,2025-09-13 07:09:21 UTC
3.169.193.249,2025-09-13 07:09:21 UTC
24.171.110.60,2025-09-13 07:09:21 UTC
68.32.203.137,2025-09-13 07:09:21 UTC
201.164.69.241,2025-09-13 07:09:21 UTC
93.176.9.238,2025-09-13 07:09:21 UTC
87.14.83.227,2025-09-13 07:09:21 UTC
82.164.30.148,2025-09-13 07:09:21 UTC
2.80.242.119,2025-09-13 07:09:21 UTC
73.181.246.145,2025-09-13 07:09:21 UTC
31.178.157.108,2025-09-13 07:09:21 UTC
97.177.44.199,2025-09-13 07:09:21 UTC
86.20.240.248,2025-09-13 07:09:21 UTC
73.133.53.33,2025-09-13 07:09:21 UTC
69.137.129.91,2025-09-13 07:09:21 UTC
142.197.21.47,2025-09-13 07:09:21 UTC
108.190.169.153,2025-09-13 07:09:21 UTC
184.160.114.247,2025-09-13 07:09:21 UTC
180.2.83.26,2025-09-13 07:09:21 UTC
121.1.243.243,2025-09-13 07:09:21 UTC
60.113.201.89,2025-09-13 07:09:21 UTC
87.173.121.60,2025-09-13 07:09:21 UTC
212.139.183.166,2025-09-13 07:09:21 UTC
83.32.242.19,2025-09-13 07:09:21 UTC
204.144.124.127,2025-09-13 07:09:21 UTC
186.13.49.22,2025-09-13 07:09:21 UTC
71.249.89.241,2025-09-13 07:09:21 UTC
10.204.185.19,2025-09-13 07:09:21 UTC
10.188.60.185,2025-09-13 07:09:21 UTC
10.186.136.203,2025-09-13 07:10:03 UTC
34.142.241.70,2025-09-13 07:09:21 UTC
34.146.216.54,2025-09-13 07:09:21 UTC
34.149.100.114,2025-09-13 07:09:21 UTC
72.73.118.121,2025-09-13 07:10:03 UTC
50.80.71.160,2025-09-13 07:10:03 UTC
213.209.140.103,2025-09-13 07:10:03 UTC
219.76.17.4,2025-09-13 07:10:03 UTC
92.203.252.1,2025-09-13 07:10:03 UTC
86.20.27.44,2025-09-13 07:10:03 UTC
24.118.186.133,2025-09-13 07:10:03 UTC
73.39.62.64,2025-09-13 07:10:03 UTC
71.57.243.65,2025-09-13 07:10:03 UTC
34.54.132.236,2025-09-13 07:10:03 UTC
71.204.213.202,2025-09-13 07:10:03 UTC
212.31.110.221,2025-09-13 07:10:03 UTC
79.43.140.65,2025-09-13 07:10:03 UTC
61.52.96.86,2025-09-13 07:10:03 UTC
185.10.16.244,2025-09-13 07:09:21 UTC
54.36.174.213,2025-09-13 07:10:03 UTC
189.115.232.186,2025-09-13 07:10:03 UTC
105.209.170.101,2025-09-13 07:10:03 UTC
177.153.36.179,2025-09-13 07:10:03 UTC
99.84.201.26,2025-09-13 07:10:03 UTC
167.100.66.179,2025-09-13 07:10:03 UTC
189.164.76.248,2025-09-13 07:10:03 UTC
190.110.180.137,2025-09-13 07:10:03 UTC
45.36.45.235,2025-09-13 07:10:03 UTC
23.42.251.62,2025-09-13 07:10:03 UTC
108.29.103.229,2025-09-13 07:10:03 UTC
191.222.29.70,2025-09-13 07:10:03 UTC
167.62.122.103,2025-09-13 07:10:03 UTC
139.193.162.30,2025-09-13 07:10:03 UTC
189.137.17.157,2025-09-13 07:10:03 UTC
178.165.63.94,2025-09-13 07:10:03 UTC
189.216.18.82,2025-09-13 07:10:03 UTC
81.84.203.61,2025-09-13 07:10:03 UTC
75.165.148.234,2025-09-13 07:10:03 UTC
73.50.214.122,2025-09-13 07:10:03 UTC
203.174.233.205,2025-09-13 07:10:03 UTC
79.35.146.87,2025-09-13 07:10:03 UTC
76.127.109.156,2025-09-13 07:10:03 UTC
24.86.173.50,2025-09-13 07:10:03 UTC
188.83.254.12,2025-09-13 07:10:03 UTC
109.27.243.75,2025-09-13 07:10:03 UTC
95.58.242.238,2025-09-13 07:10:03 UTC
187.146.67.143,2025-09-13 07:10:03 UTC
178.119.142.74,2025-09-13 07:10:03 UTC
67.159.79.198,2025-09-13 07:10:03 UTC
201.208.115.247,2025-09-13 07:10:03 UTC
73.194.224.76,2025-09-13 07:10:03 UTC
188.246.90.173,2025-09-13 07:10:03 UTC
82.73.78.40,2025-09-13 07:10:03 UTC
80.161.129.47,2025-09-13 07:10:03 UTC
86.17.182.99,2025-09-13 07:10:03 UTC
114.141.206.119,2025-09-13 07:10:03 UTC
27.77.77.150,2025-09-13 07:10:03 UTC
153.92.210.25,2025-09-13 07:10:03 UTC
3.165.148.58,2025-09-13 07:10:03 UTC
62.109.5.38,2025-09-13 07:10:03 UTC
77.175.63.209,2025-09-13 07:10:03 UTC
98.47.226.119,2025-09-13 07:10:03 UTC
34.111.147.151,2025-09-13 07:10:03 UTC
35.228.170.91,2025-09-13 07:10:03 UTC
159.183.64.226,2025-09-13 07:10:03 UTC
199.34.90.248,2025-09-13 07:10:03 UTC
108.29.46.225,2025-09-13 07:10:03 UTC
86.14.127.189,2025-09-13 07:10:03 UTC
165.228.226.13,2025-09-13 07:10:03 UTC
2.142.242.122,2025-09-13 07:10:03 UTC
34.149.197.205,2025-09-13 07:10:03 UTC
122.137.154.34,2025-09-13 07:10:03 UTC
92.199.215.237,2025-09-13 07:10:03 UTC
67.2.190.109,2025-09-13 07:10:03 UTC
23.223.246.48,2025-09-13 07:10:03 UTC
195.37.190.99,2025-09-13 07:10:03 UTC
201.51.185.121,2025-09-13 07:10:03 UTC
87.173.231.87,2025-09-13 07:10:03 UTC
34.13.236.29,2025-09-13 07:10:03 UTC
71.244.204.89,2025-09-13 07:10:03 UTC
217.123.103.229,2025-09-13 07:10:03 UTC
102.68.158.155,2025-09-13 07:10:03 UTC
71.90.169.156,2025-09-13 07:10:03 UTC
86.13.54.159,2025-09-13 07:10:03 UTC
213.118.11.88,2025-09-13 07:10:03 UTC
84.103.188.228,2025-09-13 07:10:03 UTC
213.119.74.214,2025-09-13 07:10:03 UTC
70.124.2.141,2025-09-13 07:10:03 UTC
200.101.26.227,2025-09-13 07:10:03 UTC
189.230.139.74,2025-09-13 07:10:03 UTC
47.7.113.134,2025-09-13 07:10:03 UTC
60.134.224.127,2025-09-13 07:10:03 UTC
81.234.153.72,2025-09-13 07:10:03 UTC
24.202.49.55,2025-09-13 07:10:03 UTC
79.23.205.32,2025-09-13 07:10:03 UTC
68.42.61.58,2025-09-13 07:10:03 UTC
35.187.21.17,2025-09-13 07:10:03 UTC
87.7.208.176,2025-09-13 07:10:03 UTC
162.222.182.173,2025-09-13 07:10:03 UTC
10.191.226.175,2025-09-13 07:10:03 UTC
34.147.47.147,2025-09-13 07:10:03 UTC
59.102.220.41,2025-09-13 07:10:03 UTC
